file_name|normalized_transcription
/content/audios/mono_wavs/000.wav|avocado price
/content/audios/mono_wavs/001.wav|avocado price
/content/audios/mono_wavs/002.wav|avocado price
/content/audios/mono_wavs/003.wav|avocado price
/content/audios/mono_wavs/004.wav|avocado price
/content/audios/mono_wavs/005.wav|avocado price
/content/audios/mono_wavs/006.wav|avocado price
/content/audios/mono_wavs/007.wav|avocado price
/content/audios/mono_wavs/008.wav|avocado price
/content/audios/mono_wavs/009.wav|avocado price
/content/audios/mono_wavs/010.wav|avocado price
/content/audios/mono_wavs/011.wav|avocado price
/content/audios/mono_wavs/012.wav|avocado price
/content/audios/mono_wavs/013.wav|avocado price
/content/audios/mono_wavs/014.wav|avocado price
/content/audios/mono_wavs/015.wav|avocado price
/content/audios/mono_wavs/016.wav|avocado price
/content/audios/mono_wavs/017.wav|avocado price
/content/audios/mono_wavs/018.wav|avocado price
/content/audios/mono_wavs/019.wav|avocado price
/content/audios/mono_wavs/020.wav|bitcoin
/content/audios/mono_wavs/021.wav|bitcoin
/content/audios/mono_wavs/022.wav|bitcoin
/content/audios/mono_wavs/023.wav|bitcoin
/content/audios/mono_wavs/024.wav|bitcoin
/content/audios/mono_wavs/025.wav|bitcoin
/content/audios/mono_wavs/026.wav|bitcoin
/content/audios/mono_wavs/027.wav|bitcoin
/content/audios/mono_wavs/028.wav|bitcoin
/content/audios/mono_wavs/029.wav|bitcoin
/content/audios/mono_wavs/030.wav|bitcoin
/content/audios/mono_wavs/031.wav|bitcoin
/content/audios/mono_wavs/032.wav|bitcoin
/content/audios/mono_wavs/033.wav|bitcoin
/content/audios/mono_wavs/034.wav|bitcoin
/content/audios/mono_wavs/035.wav|bitcoin
/content/audios/mono_wavs/036.wav|bitcoin
/content/audios/mono_wavs/037.wav|bitcoin
/content/audios/mono_wavs/038.wav|bitcoin
/content/audios/mono_wavs/039.wav|bitcoin
/content/audios/mono_wavs/040.wav|bmi
/content/audios/mono_wavs/041.wav|bmi
/content/audios/mono_wavs/042.wav|bmi
/content/audios/mono_wavs/043.wav|bmi
/content/audios/mono_wavs/044.wav|bmi
/content/audios/mono_wavs/045.wav|bmi
/content/audios/mono_wavs/046.wav|bmi
/content/audios/mono_wavs/047.wav|bmi
/content/audios/mono_wavs/048.wav|bmi
/content/audios/mono_wavs/049.wav|bmi
/content/audios/mono_wavs/050.wav|bmi
/content/audios/mono_wavs/051.wav|bmi
/content/audios/mono_wavs/052.wav|bmi
/content/audios/mono_wavs/053.wav|bmi
/content/audios/mono_wavs/054.wav|bmi
/content/audios/mono_wavs/055.wav|bmi
/content/audios/mono_wavs/056.wav|bmi
/content/audios/mono_wavs/057.wav|bmi
/content/audios/mono_wavs/058.wav|bmi
/content/audios/mono_wavs/059.wav|bmi
/content/audios/mono_wavs/060.wav|car price
/content/audios/mono_wavs/061.wav|car price
/content/audios/mono_wavs/062.wav|car price
/content/audios/mono_wavs/063.wav|car price
/content/audios/mono_wavs/064.wav|car price
/content/audios/mono_wavs/065.wav|car price
/content/audios/mono_wavs/066.wav|car price
/content/audios/mono_wavs/067.wav|car price
/content/audios/mono_wavs/068.wav|car price
/content/audios/mono_wavs/069.wav|car price
/content/audios/mono_wavs/070.wav|car price
/content/audios/mono_wavs/071.wav|car price
/content/audios/mono_wavs/072.wav|car price
/content/audios/mono_wavs/073.wav|car price
/content/audios/mono_wavs/074.wav|car price
/content/audios/mono_wavs/075.wav|car price
/content/audios/mono_wavs/076.wav|car price
/content/audios/mono_wavs/077.wav|car price
/content/audios/mono_wavs/078.wav|car price
/content/audios/mono_wavs/079.wav|car price
/content/audios/mono_wavs/080.wav|cirrhosis
/content/audios/mono_wavs/081.wav|cirrhosis
/content/audios/mono_wavs/082.wav|cirrhosis
/content/audios/mono_wavs/083.wav|cirrhosis
/content/audios/mono_wavs/084.wav|cirrhosis
/content/audios/mono_wavs/085.wav|cirrhosis
/content/audios/mono_wavs/086.wav|cirrhosis
/content/audios/mono_wavs/087.wav|cirrhosis
/content/audios/mono_wavs/088.wav|cirrhosis
/content/audios/mono_wavs/089.wav|cirrhosis
/content/audios/mono_wavs/090.wav|cirrhosis
/content/audios/mono_wavs/091.wav|cirrhosis
/content/audios/mono_wavs/092.wav|cirrhosis
/content/audios/mono_wavs/093.wav|cirrhosis
/content/audios/mono_wavs/094.wav|cirrhosis
/content/audios/mono_wavs/095.wav|cirrhosis
/content/audios/mono_wavs/096.wav|cirrhosis
/content/audios/mono_wavs/097.wav|cirrhosis
/content/audios/mono_wavs/098.wav|cirrhosis
/content/audios/mono_wavs/099.wav|cirrhosis
/content/audios/mono_wavs/100.wav|covid
/content/audios/mono_wavs/101.wav|covid
/content/audios/mono_wavs/102.wav|covid
/content/audios/mono_wavs/103.wav|covid
/content/audios/mono_wavs/104.wav|covid
/content/audios/mono_wavs/105.wav|covid
/content/audios/mono_wavs/106.wav|covid
/content/audios/mono_wavs/107.wav|covid
/content/audios/mono_wavs/108.wav|covid
/content/audios/mono_wavs/109.wav|covid
/content/audios/mono_wavs/110.wav|covid
/content/audios/mono_wavs/111.wav|covid
/content/audios/mono_wavs/112.wav|covid
/content/audios/mono_wavs/113.wav|covid
/content/audios/mono_wavs/114.wav|covid
/content/audios/mono_wavs/115.wav|covid
/content/audios/mono_wavs/116.wav|covid
/content/audios/mono_wavs/117.wav|covid
/content/audios/mono_wavs/118.wav|covid
/content/audios/mono_wavs/119.wav|covid
/content/audios/mono_wavs/120.wav|hepatitis
/content/audios/mono_wavs/121.wav|hepatitis
/content/audios/mono_wavs/122.wav|hepatitis
/content/audios/mono_wavs/123.wav|hepatitis
/content/audios/mono_wavs/124.wav|hepatitis
/content/audios/mono_wavs/125.wav|hepatitis
/content/audios/mono_wavs/126.wav|hepatitis
/content/audios/mono_wavs/127.wav|hepatitis
/content/audios/mono_wavs/128.wav|hepatitis
/content/audios/mono_wavs/129.wav|hepatitis
/content/audios/mono_wavs/130.wav|hepatitis
/content/audios/mono_wavs/131.wav|hepatitis
/content/audios/mono_wavs/132.wav|hepatitis
/content/audios/mono_wavs/133.wav|hepatitis
/content/audios/mono_wavs/134.wav|hepatitis
/content/audios/mono_wavs/135.wav|hepatitis
/content/audios/mono_wavs/136.wav|hepatitis
/content/audios/mono_wavs/137.wav|hepatitis
/content/audios/mono_wavs/138.wav|hepatitis
/content/audios/mono_wavs/139.wav|hepatitis
/content/audios/mono_wavs/140.wav|phone company churn
/content/audios/mono_wavs/141.wav|phone company churn
/content/audios/mono_wavs/142.wav|phone company churn
/content/audios/mono_wavs/143.wav|phone company churn
/content/audios/mono_wavs/144.wav|phone company churn
/content/audios/mono_wavs/145.wav|phone company churn
/content/audios/mono_wavs/146.wav|phone company churn
/content/audios/mono_wavs/147.wav|phone company churn
/content/audios/mono_wavs/148.wav|phone company churn
/content/audios/mono_wavs/149.wav|phone company churn
/content/audios/mono_wavs/150.wav|phone company churn
/content/audios/mono_wavs/151.wav|phone company churn
/content/audios/mono_wavs/152.wav|phone company churn
/content/audios/mono_wavs/153.wav|phone company churn
/content/audios/mono_wavs/154.wav|phone company churn
/content/audios/mono_wavs/155.wav|phone company churn
/content/audios/mono_wavs/156.wav|phone company churn
/content/audios/mono_wavs/157.wav|phone company churn
/content/audios/mono_wavs/158.wav|phone company churn
/content/audios/mono_wavs/159.wav|phone company churn
/content/audios/mono_wavs/160.wav|stroke
/content/audios/mono_wavs/161.wav|stroke
/content/audios/mono_wavs/162.wav|stroke
/content/audios/mono_wavs/163.wav|stroke
/content/audios/mono_wavs/164.wav|stroke
/content/audios/mono_wavs/165.wav|stroke
/content/audios/mono_wavs/166.wav|stroke
/content/audios/mono_wavs/167.wav|stroke
/content/audios/mono_wavs/168.wav|stroke
/content/audios/mono_wavs/169.wav|stroke
/content/audios/mono_wavs/170.wav|stroke
/content/audios/mono_wavs/171.wav|stroke
/content/audios/mono_wavs/172.wav|stroke
/content/audios/mono_wavs/173.wav|stroke
/content/audios/mono_wavs/174.wav|stroke
/content/audios/mono_wavs/175.wav|stroke
/content/audios/mono_wavs/176.wav|stroke
/content/audios/mono_wavs/177.wav|stroke
/content/audios/mono_wavs/178.wav|stroke
/content/audios/mono_wavs/179.wav|stroke
/content/audios/mono_wavs/180.wav|wine
/content/audios/mono_wavs/181.wav|wine
/content/audios/mono_wavs/182.wav|wine
/content/audios/mono_wavs/183.wav|wine
/content/audios/mono_wavs/184.wav|wine
/content/audios/mono_wavs/185.wav|wine
/content/audios/mono_wavs/186.wav|wine
/content/audios/mono_wavs/187.wav|wine
/content/audios/mono_wavs/188.wav|wine
/content/audios/mono_wavs/189.wav|wine
/content/audios/mono_wavs/190.wav|wine
/content/audios/mono_wavs/191.wav|wine
/content/audios/mono_wavs/192.wav|wine
/content/audios/mono_wavs/193.wav|wine
/content/audios/mono_wavs/194.wav|wine
/content/audios/mono_wavs/195.wav|wine
/content/audios/mono_wavs/196.wav|wine
/content/audios/mono_wavs/197.wav|wine
/content/audios/mono_wavs/198.wav|wine
/content/audios/mono_wavs/199.wav|wine
