000|bitcoin
001|bitcoin
002|bitcoin
003|bitcoin
004|bitcoin
005|bitcoin
006|bitcoin
007|bitcoin
008|bitcoin
009|bitcoin
010|bitcoin
011|bitcoin
012|bitcoin
013|bitcoin
014|bitcoin
015|bitcoin
016|bitcoin
017|bitcoin
018|bitcoin
019|bitcoin
020|cirrhosis
021|cirrhosis
022|cirrhosis
023|cirrhosis
024|cirrhosis
025|cirrhosis
026|cirrhosis
027|cirrhosis
028|cirrhosis
029|cirrhosis
030|cirrhosis
031|cirrhosis
032|cirrhosis
033|cirrhosis
034|cirrhosis
035|cirrhosis
036|cirrhosis
037|cirrhosis
038|cirrhosis
039|cirrhosis
040|wine
041|wine
042|wine
043|wine
044|wine
045|wine
046|wine
047|wine
048|wine
049|wine
050|wine
051|wine
052|wine
053|wine
054|wine
055|wine
056|wine
057|wine
058|wine
059|wine
060|stroke
061|stroke
062|stroke
063|stroke
064|stroke
065|stroke
066|stroke
067|stroke
068|stroke
069|stroke
070|stroke
071|stroke
072|stroke
073|stroke
074|stroke
075|stroke
076|stroke
077|stroke
078|stroke
079|stroke
080|phone company churn
081|phone company churn
082|phone company churn
083|phone company churn
084|phone company churn
085|phone company churn
086|phone company churn
087|phone company churn
088|phone company churn
089|phone company churn
090|phone company churn
091|phone company churn
092|phone company churn
093|phone company churn
094|phone company churn
095|phone company churn
096|phone company churn
097|phone company churn
098|phone company churn
099|phone company churn
100|covid
101|covid
102|covid
103|covid
104|covid
105|covid
106|covid
107|covid
108|covid
109|covid
110|covid
111|covid
112|covid
113|covid
114|covid
115|covid
116|covid
117|covid
118|covid
119|covid
120|bmi
121|bmi
122|bmi
123|bmi
124|bmi
125|bmi
126|bmi
127|bmi
128|bmi
129|bmi
130|bmi
131|bmi
132|bmi
133|bmi
134|bmi
135|bmi
136|bmi
137|bmi
138|bmi
139|bmi
140|car price
141|car price
142|car price
143|car price
144|car price
145|car price
146|car price
147|car price
148|car price
149|car price
150|car price
151|car price
152|car price
153|car price
154|car price
155|car price
156|car price
157|car price
158|car price
159|car price
160|avocado price
161|avocado price
162|avocado price
163|avocado price
164|avocado price
165|avocado price
166|avocado price
167|avocado price
168|avocado price
169|avocado price
170|avocado price
171|avocado price
172|avocado price
173|avocado price
174|avocado price
175|avocado price
176|avocado price
177|avocado price
178|avocado price
179|avocado price
180|hepatitis
181|hepatitis
182|hepatitis
183|hepatitis
184|hepatitis
185|hepatitis
186|hepatitis
187|hepatitis
188|hepatitis
189|hepatitis
190|hepatitis
191|hepatitis
192|hepatitis
193|hepatitis
194|hepatitis
195|hepatitis
196|hepatitis
197|hepatitis
198|hepatitis
199|hepatitis
