file_name|normalized_transcription
000.wav|bitcoin
001.wav|bitcoin
002.wav|bitcoin
003.wav|bitcoin
004.wav|bitcoin
005.wav|bitcoin
006.wav|bitcoin
007.wav|bitcoin
008.wav|bitcoin
009.wav|bitcoin
010.wav|bitcoin
011.wav|bitcoin
012.wav|bitcoin
013.wav|bitcoin
014.wav|bitcoin
015.wav|bitcoin
016.wav|bitcoin
017.wav|bitcoin
018.wav|bitcoin
019.wav|bitcoin
020.wav|cirrhosis
021.wav|cirrhosis
022.wav|cirrhosis
023.wav|cirrhosis
024.wav|cirrhosis
025.wav|cirrhosis
026.wav|cirrhosis
027.wav|cirrhosis
028.wav|cirrhosis
029.wav|cirrhosis
030.wav|cirrhosis
031.wav|cirrhosis
032.wav|cirrhosis
033.wav|cirrhosis
034.wav|cirrhosis
035.wav|cirrhosis
036.wav|cirrhosis
037.wav|cirrhosis
038.wav|cirrhosis
039.wav|cirrhosis
040.wav|wine
041.wav|wine
042.wav|wine
043.wav|wine
044.wav|wine
045.wav|wine
046.wav|wine
047.wav|wine
048.wav|wine
049.wav|wine
050.wav|wine
051.wav|wine
052.wav|wine
053.wav|wine
054.wav|wine
055.wav|wine
056.wav|wine
057.wav|wine
058.wav|wine
059.wav|wine
060.wav|stroke
061.wav|stroke
062.wav|stroke
063.wav|stroke
064.wav|stroke
065.wav|stroke
066.wav|stroke
067.wav|stroke
068.wav|stroke
069.wav|stroke
070.wav|stroke
071.wav|stroke
072.wav|stroke
073.wav|stroke
074.wav|stroke
075.wav|stroke
076.wav|stroke
077.wav|stroke
078.wav|stroke
079.wav|stroke
080.wav|phone company churn
081.wav|phone company churn
082.wav|phone company churn
083.wav|phone company churn
084.wav|phone company churn
085.wav|phone company churn
086.wav|phone company churn
087.wav|phone company churn
088.wav|phone company churn
089.wav|phone company churn
090.wav|phone company churn
091.wav|phone company churn
092.wav|phone company churn
093.wav|phone company churn
094.wav|phone company churn
095.wav|phone company churn
096.wav|phone company churn
097.wav|phone company churn
098.wav|phone company churn
099.wav|phone company churn
100.wav|covid
101.wav|covid
102.wav|covid
103.wav|covid
104.wav|covid
105.wav|covid
106.wav|covid
107.wav|covid
108.wav|covid
109.wav|covid
110.wav|covid
111.wav|covid
112.wav|covid
113.wav|covid
114.wav|covid
115.wav|covid
116.wav|covid
117.wav|covid
118.wav|covid
119.wav|covid
120.wav|bmi
121.wav|bmi
122.wav|bmi
123.wav|bmi
124.wav|bmi
125.wav|bmi
126.wav|bmi
127.wav|bmi
128.wav|bmi
129.wav|bmi
130.wav|bmi
131.wav|bmi
132.wav|bmi
133.wav|bmi
134.wav|bmi
135.wav|bmi
136.wav|bmi
137.wav|bmi
138.wav|bmi
139.wav|bmi
140.wav|car price
141.wav|car price
142.wav|car price
143.wav|car price
144.wav|car price
145.wav|car price
146.wav|car price
147.wav|car price
148.wav|car price
149.wav|car price
150.wav|car price
151.wav|car price
152.wav|car price
153.wav|car price
154.wav|car price
155.wav|car price
156.wav|car price
157.wav|car price
158.wav|car price
159.wav|car price
160.wav|avocado price
161.wav|avocado price
162.wav|avocado price
163.wav|avocado price
164.wav|avocado price
165.wav|avocado price
166.wav|avocado price
167.wav|avocado price
168.wav|avocado price
169.wav|avocado price
170.wav|avocado price
171.wav|avocado price
172.wav|avocado price
173.wav|avocado price
174.wav|avocado price
175.wav|avocado price
176.wav|avocado price
177.wav|avocado price
178.wav|avocado price
179.wav|avocado price
180.wav|hepatitis
181.wav|hepatitis
182.wav|hepatitis
183.wav|hepatitis
184.wav|hepatitis
185.wav|hepatitis
186.wav|hepatitis
187.wav|hepatitis
188.wav|hepatitis
189.wav|hepatitis
190.wav|hepatitis
191.wav|hepatitis
192.wav|hepatitis
193.wav|hepatitis
194.wav|hepatitis
195.wav|hepatitis
196.wav|hepatitis
197.wav|hepatitis
198.wav|hepatitis
199.wav|hepatitis
