file_name|normalized_transcription
/content/audios/mono_wavs/000.wav|bitcoin
/content/audios/mono_wavs/001.wav|bitcoin
/content/audios/mono_wavs/002.wav|bitcoin
/content/audios/mono_wavs/003.wav|bitcoin
/content/audios/mono_wavs/004.wav|bitcoin
/content/audios/mono_wavs/005.wav|bitcoin
/content/audios/mono_wavs/006.wav|bitcoin
/content/audios/mono_wavs/007.wav|bitcoin
/content/audios/mono_wavs/008.wav|bitcoin
/content/audios/mono_wavs/009.wav|bitcoin
/content/audios/mono_wavs/010.wav|bitcoin
/content/audios/mono_wavs/011.wav|bitcoin
/content/audios/mono_wavs/012.wav|bitcoin
/content/audios/mono_wavs/013.wav|bitcoin
/content/audios/mono_wavs/014.wav|bitcoin
/content/audios/mono_wavs/015.wav|bitcoin
/content/audios/mono_wavs/016.wav|bitcoin
/content/audios/mono_wavs/017.wav|bitcoin
/content/audios/mono_wavs/018.wav|bitcoin
/content/audios/mono_wavs/019.wav|bitcoin
/content/audios/mono_wavs/020.wav|cirrhosis
/content/audios/mono_wavs/021.wav|cirrhosis
/content/audios/mono_wavs/022.wav|cirrhosis
/content/audios/mono_wavs/023.wav|cirrhosis
/content/audios/mono_wavs/024.wav|cirrhosis
/content/audios/mono_wavs/025.wav|cirrhosis
/content/audios/mono_wavs/026.wav|cirrhosis
/content/audios/mono_wavs/027.wav|cirrhosis
/content/audios/mono_wavs/028.wav|cirrhosis
/content/audios/mono_wavs/029.wav|cirrhosis
/content/audios/mono_wavs/030.wav|cirrhosis
/content/audios/mono_wavs/031.wav|cirrhosis
/content/audios/mono_wavs/032.wav|cirrhosis
/content/audios/mono_wavs/033.wav|cirrhosis
/content/audios/mono_wavs/034.wav|cirrhosis
/content/audios/mono_wavs/035.wav|cirrhosis
/content/audios/mono_wavs/036.wav|cirrhosis
/content/audios/mono_wavs/037.wav|cirrhosis
/content/audios/mono_wavs/038.wav|cirrhosis
/content/audios/mono_wavs/039.wav|cirrhosis
/content/audios/mono_wavs/040.wav|wine
/content/audios/mono_wavs/041.wav|wine
/content/audios/mono_wavs/042.wav|wine
/content/audios/mono_wavs/043.wav|wine
/content/audios/mono_wavs/044.wav|wine
/content/audios/mono_wavs/045.wav|wine
/content/audios/mono_wavs/046.wav|wine
/content/audios/mono_wavs/047.wav|wine
/content/audios/mono_wavs/048.wav|wine
/content/audios/mono_wavs/049.wav|wine
/content/audios/mono_wavs/050.wav|wine
/content/audios/mono_wavs/051.wav|wine
/content/audios/mono_wavs/052.wav|wine
/content/audios/mono_wavs/053.wav|wine
/content/audios/mono_wavs/054.wav|wine
/content/audios/mono_wavs/055.wav|wine
/content/audios/mono_wavs/056.wav|wine
/content/audios/mono_wavs/057.wav|wine
/content/audios/mono_wavs/058.wav|wine
/content/audios/mono_wavs/059.wav|wine
/content/audios/mono_wavs/060.wav|stroke
/content/audios/mono_wavs/061.wav|stroke
/content/audios/mono_wavs/062.wav|stroke
/content/audios/mono_wavs/063.wav|stroke
/content/audios/mono_wavs/064.wav|stroke
/content/audios/mono_wavs/065.wav|stroke
/content/audios/mono_wavs/066.wav|stroke
/content/audios/mono_wavs/067.wav|stroke
/content/audios/mono_wavs/068.wav|stroke
/content/audios/mono_wavs/069.wav|stroke
/content/audios/mono_wavs/070.wav|stroke
/content/audios/mono_wavs/071.wav|stroke
/content/audios/mono_wavs/072.wav|stroke
/content/audios/mono_wavs/073.wav|stroke
/content/audios/mono_wavs/074.wav|stroke
/content/audios/mono_wavs/075.wav|stroke
/content/audios/mono_wavs/076.wav|stroke
/content/audios/mono_wavs/077.wav|stroke
/content/audios/mono_wavs/078.wav|stroke
/content/audios/mono_wavs/079.wav|stroke
/content/audios/mono_wavs/080.wav|phone company churn
/content/audios/mono_wavs/081.wav|phone company churn
/content/audios/mono_wavs/082.wav|phone company churn
/content/audios/mono_wavs/083.wav|phone company churn
/content/audios/mono_wavs/084.wav|phone company churn
/content/audios/mono_wavs/085.wav|phone company churn
/content/audios/mono_wavs/086.wav|phone company churn
/content/audios/mono_wavs/087.wav|phone company churn
/content/audios/mono_wavs/088.wav|phone company churn
/content/audios/mono_wavs/089.wav|phone company churn
/content/audios/mono_wavs/090.wav|phone company churn
/content/audios/mono_wavs/091.wav|phone company churn
/content/audios/mono_wavs/092.wav|phone company churn
/content/audios/mono_wavs/093.wav|phone company churn
/content/audios/mono_wavs/094.wav|phone company churn
/content/audios/mono_wavs/095.wav|phone company churn
/content/audios/mono_wavs/096.wav|phone company churn
/content/audios/mono_wavs/097.wav|phone company churn
/content/audios/mono_wavs/098.wav|phone company churn
/content/audios/mono_wavs/099.wav|phone company churn
/content/audios/mono_wavs/100.wav|covid
/content/audios/mono_wavs/101.wav|covid
/content/audios/mono_wavs/102.wav|covid
/content/audios/mono_wavs/103.wav|covid
/content/audios/mono_wavs/104.wav|covid
/content/audios/mono_wavs/105.wav|covid
/content/audios/mono_wavs/106.wav|covid
/content/audios/mono_wavs/107.wav|covid
/content/audios/mono_wavs/108.wav|covid
/content/audios/mono_wavs/109.wav|covid
/content/audios/mono_wavs/110.wav|covid
/content/audios/mono_wavs/111.wav|covid
/content/audios/mono_wavs/112.wav|covid
/content/audios/mono_wavs/113.wav|covid
/content/audios/mono_wavs/114.wav|covid
/content/audios/mono_wavs/115.wav|covid
/content/audios/mono_wavs/116.wav|covid
/content/audios/mono_wavs/117.wav|covid
/content/audios/mono_wavs/118.wav|covid
/content/audios/mono_wavs/119.wav|covid
/content/audios/mono_wavs/120.wav|bmi
/content/audios/mono_wavs/121.wav|bmi
/content/audios/mono_wavs/122.wav|bmi
/content/audios/mono_wavs/123.wav|bmi
/content/audios/mono_wavs/124.wav|bmi
/content/audios/mono_wavs/125.wav|bmi
/content/audios/mono_wavs/126.wav|bmi
/content/audios/mono_wavs/127.wav|bmi
/content/audios/mono_wavs/128.wav|bmi
/content/audios/mono_wavs/129.wav|bmi
/content/audios/mono_wavs/130.wav|bmi
/content/audios/mono_wavs/131.wav|bmi
/content/audios/mono_wavs/132.wav|bmi
/content/audios/mono_wavs/133.wav|bmi
/content/audios/mono_wavs/134.wav|bmi
/content/audios/mono_wavs/135.wav|bmi
/content/audios/mono_wavs/136.wav|bmi
/content/audios/mono_wavs/137.wav|bmi
/content/audios/mono_wavs/138.wav|bmi
/content/audios/mono_wavs/139.wav|bmi
/content/audios/mono_wavs/140.wav|car price
/content/audios/mono_wavs/141.wav|car price
/content/audios/mono_wavs/142.wav|car price
/content/audios/mono_wavs/143.wav|car price
/content/audios/mono_wavs/144.wav|car price
/content/audios/mono_wavs/145.wav|car price
/content/audios/mono_wavs/146.wav|car price
/content/audios/mono_wavs/147.wav|car price
/content/audios/mono_wavs/148.wav|car price
/content/audios/mono_wavs/149.wav|car price
/content/audios/mono_wavs/150.wav|car price
/content/audios/mono_wavs/151.wav|car price
/content/audios/mono_wavs/152.wav|car price
/content/audios/mono_wavs/153.wav|car price
/content/audios/mono_wavs/154.wav|car price
/content/audios/mono_wavs/155.wav|car price
/content/audios/mono_wavs/156.wav|car price
/content/audios/mono_wavs/157.wav|car price
/content/audios/mono_wavs/158.wav|car price
/content/audios/mono_wavs/159.wav|car price
/content/audios/mono_wavs/160.wav|avocado price
/content/audios/mono_wavs/161.wav|avocado price
/content/audios/mono_wavs/162.wav|avocado price
/content/audios/mono_wavs/163.wav|avocado price
/content/audios/mono_wavs/164.wav|avocado price
/content/audios/mono_wavs/165.wav|avocado price
/content/audios/mono_wavs/166.wav|avocado price
/content/audios/mono_wavs/167.wav|avocado price
/content/audios/mono_wavs/168.wav|avocado price
/content/audios/mono_wavs/169.wav|avocado price
/content/audios/mono_wavs/170.wav|avocado price
/content/audios/mono_wavs/171.wav|avocado price
/content/audios/mono_wavs/172.wav|avocado price
/content/audios/mono_wavs/173.wav|avocado price
/content/audios/mono_wavs/174.wav|avocado price
/content/audios/mono_wavs/175.wav|avocado price
/content/audios/mono_wavs/176.wav|avocado price
/content/audios/mono_wavs/177.wav|avocado price
/content/audios/mono_wavs/178.wav|avocado price
/content/audios/mono_wavs/179.wav|avocado price
/content/audios/mono_wavs/180.wav|hepatitis
/content/audios/mono_wavs/181.wav|hepatitis
/content/audios/mono_wavs/182.wav|hepatitis
/content/audios/mono_wavs/183.wav|hepatitis
/content/audios/mono_wavs/184.wav|hepatitis
/content/audios/mono_wavs/185.wav|hepatitis
/content/audios/mono_wavs/186.wav|hepatitis
/content/audios/mono_wavs/187.wav|hepatitis
/content/audios/mono_wavs/188.wav|hepatitis
/content/audios/mono_wavs/189.wav|hepatitis
/content/audios/mono_wavs/190.wav|hepatitis
/content/audios/mono_wavs/191.wav|hepatitis
/content/audios/mono_wavs/192.wav|hepatitis
/content/audios/mono_wavs/193.wav|hepatitis
/content/audios/mono_wavs/194.wav|hepatitis
/content/audios/mono_wavs/195.wav|hepatitis
/content/audios/mono_wavs/196.wav|hepatitis
/content/audios/mono_wavs/197.wav|hepatitis
/content/audios/mono_wavs/198.wav|hepatitis
/content/audios/mono_wavs/199.wav|hepatitis
