bitcoin01|bitcoin
bitcoin02|bitcoin
bitcoin03|bitcoin
bitcoin04|bitcoin
bitcoin05|bitcoin
bitcoin06|bitcoin
bitcoin07|bitcoin
bitcoin08|bitcoin
bitcoin09|bitcoin
bitcoin10|bitcoin
bitcoin11|bitcoin
bitcoin12|bitcoin
bitcoin13|bitcoin
bitcoin14|bitcoin
bitcoin15|bitcoin
bitcoin16|bitcoin
bitcoin17|bitcoin
bitcoin18|bitcoin
bitcoin19|bitcoin
bitcoin20|bitcoin
cirrhosis01|cirrhosis
cirrhosis02|cirrhosis
cirrhosis03|cirrhosis
cirrhosis04|cirrhosis
cirrhosis05|cirrhosis
cirrhosis06|cirrhosis
cirrhosis07|cirrhosis
cirrhosis08|cirrhosis
cirrhosis09|cirrhosis
cirrhosis10|cirrhosis
cirrhosis11|cirrhosis
cirrhosis12|cirrhosis
cirrhosis13|cirrhosis
cirrhosis14|cirrhosis
cirrhosis15|cirrhosis
cirrhosis16|cirrhosis
cirrhosis17|cirrhosis
cirrhosis18|cirrhosis
cirrhosis19|cirrhosis
cirrhosis20|cirrhosis
wine01|wine
wine02|wine
wine03|wine
wine04|wine
wine05|wine
wine06|wine
wine07|wine
wine08|wine
wine09|wine
wine10|wine
wine11|wine
wine12|wine
wine13|wine
wine14|wine
wine15|wine
wine16|wine
wine17|wine
wine18|wine
wine19|wine
wine20|wine
stroke01|stroke
stroke02|stroke
stroke03|stroke
stroke04|stroke
stroke05|stroke
stroke06|stroke
stroke07|stroke
stroke08|stroke
stroke09|stroke
stroke10|stroke
stroke11|stroke
stroke12|stroke
stroke13|stroke
stroke14|stroke
stroke15|stroke
stroke16|stroke
stroke17|stroke
stroke18|stroke
stroke19|stroke
stroke20|stroke
phone_company_churn01|phone company churn
phone_company_churn02|phone company churn
phone_company_churn03|phone company churn
phone_company_churn04|phone company churn
phone_company_churn05|phone company churn
phone_company_churn06|phone company churn
phone_company_churn07|phone company churn
phone_company_churn08|phone company churn
phone_company_churn09|phone company churn
phone_company_churn10|phone company churn
phone_company_churn11|phone company churn
phone_company_churn12|phone company churn
phone_company_churn13|phone company churn
phone_company_churn14|phone company churn
phone_company_churn15|phone company churn
phone_company_churn16|phone company churn
phone_company_churn17|phone company churn
phone_company_churn18|phone company churn
phone_company_churn19|phone company churn
phone_company_churn20|phone company churn
covid01|covid
covid02|covid
covid03|covid
covid04|covid
covid05|covid
covid06|covid
covid07|covid
covid08|covid
covid09|covid
covid10|covid
covid11|covid
covid12|covid
covid13|covid
covid14|covid
covid15|covid
covid16|covid
covid17|covid
covid18|covid
covid19|covid
covid20|covid
bmi01|bmi
bmi02|bmi
bmi03|bmi
bmi04|bmi
bmi05|bmi
bmi06|bmi
bmi07|bmi
bmi08|bmi
bmi09|bmi
bmi10|bmi
bmi11|bmi
bmi12|bmi
bmi13|bmi
bmi14|bmi
bmi15|bmi
bmi16|bmi
bmi17|bmi
bmi18|bmi
bmi19|bmi
bmi20|bmi
car_price01|car price
car_price02|car price
car_price03|car price
car_price04|car price
car_price05|car price
car_price06|car price
car_price07|car price
car_price08|car price
car_price09|car price
car_price10|car price
car_price11|car price
car_price12|car price
car_price13|car price
car_price14|car price
car_price15|car price
car_price16|car price
car_price17|car price
car_price18|car price
car_price19|car price
car_price20|car price
avocado_price01|avocado price
avocado_price02|avocado price
avocado_price03|avocado price
avocado_price04|avocado price
avocado_price05|avocado price
avocado_price06|avocado price
avocado_price07|avocado price
avocado_price08|avocado price
avocado_price09|avocado price
avocado_price10|avocado price
avocado_price11|avocado price
avocado_price12|avocado price
avocado_price13|avocado price
avocado_price14|avocado price
avocado_price15|avocado price
avocado_price16|avocado price
avocado_price17|avocado price
avocado_price18|avocado price
avocado_price19|avocado price
avocado_price20|avocado price
hepatitis01|hepatitis
hepatitis02|hepatitis
hepatitis03|hepatitis
hepatitis04|hepatitis
hepatitis05|hepatitis
hepatitis06|hepatitis
hepatitis07|hepatitis
hepatitis08|hepatitis
hepatitis09|hepatitis
hepatitis10|hepatitis
hepatitis11|hepatitis
hepatitis12|hepatitis
hepatitis13|hepatitis
hepatitis14|hepatitis
hepatitis15|hepatitis
hepatitis16|hepatitis
hepatitis17|hepatitis
hepatitis18|hepatitis
hepatitis19|hepatitis
hepatitis20|hepatitis
